Participant,Glass,Date,Gender,Birth,VRuse1,VRuse2,Games,Session,Treatment,Q1,Q2,Q3,Q4,Q5,Q6,Q7,Q8,Q9,Q10,Q11,Q12,Q13,Q14,Q15,Q16,Q17,Q18,Q19,Q20,Q21,Q22,Q23,Q24,Q25,Q26,Obj1,A1,C1,RT1,Obj2,A2,C2,RT2,Obj3,A3,C3,RT3,Obj4,A4,C4,RT4,Obj5,A5,C5,RT5,Obj6,A6,C6,RT6,Obj7,A7,C7,RT7,Obj8,A8,C8,RT8,Obj9,A9,C9,RT9,Obj10,A10,C10,RT10,Obj11,A11,C11,RT11,Obj12,A12,C12,RT12,Obj13,A13,C13,RT13,Obj14,A14,C14,RT14,Obj15,A15,C15,RT15,Obj16,A16,C16,RT16,Obj17,A17,C17,RT17,Obj18,A18,C18,RT18,Obj19,A19,C19,RT19,Obj20,A20,C20,RT20,Obj21,A21,C21,RT21,Obj22,A22,C22,RT22,Obj23,A23,C23,RT23,Obj24,A24,C24,RT24
1,2,529,M,1999,N,,5,1,1,1,1,1,1,1,2,1,1,2,5,1,1,3,1,1,1,1,1,2,1,1,3,1,2,4,2,,,,,,,,,,,,,,,,,,,,,,,,,,,,,,,,,,,,,,,,,,,,,,,,,,,,,,,,,,,,,,,,,,,,,,,,,,,,,,,,,,,,,,,,,,,,,,,,
1,2,529,M,1999,N,,5,2,0,3,2,2,5,5,1,3,2,1,4,4,4,5,1,3,4,4,3,3,2,2,4,2,3,3,2,,,,,,,,,,,,,,,,,,,,,,,,,,,,,,,,,,,,,,,,,,,,,,,,,,,,,,,,,,,,,,,,,,,,,,,,,,,,,,,,,,,,,,,,,,,,,,,,
1,2,529,M,1999,N,,5,3,1,2,2,2,2,1,3,3,1,5,1,1,1,1,1,1,1,2,1,3,4,1,1,4,5,5,5,,,,,,,,,,,,,,,,,,,,,,,,,,,,,,,,,,,,,,,,,,,,,,,,,,,,,,,,,,,,,,,,,,,,,,,,,,,,,,,,,,,,,,,,,,,,,,,,
1,2,529,M,1999,N,,5,4,0,3,4,4,4,5,1,3,2,2,5,4,4,3,2,4,4,5,4,4,3,2,4,4,3,4,4,,,,,,,,,,,,,,,,,,,,,,,,,,,,,,,,,,,,,,,,,,,,,,,,,,,,,,,,,,,,,,,,,,,,,,,,,,,,,,,,,,,,,,,,,,,,,,,,
2,3,529,F,1996,Y,60,5,1,0,1,2,2,3,2,4,3,3,4,4,2,4,1,1,1,2,3,2,4,2,1,2,4,3,3,2,301,0,1,5.98,101,0,1,5.98,100,0,1,5.98,210,0,1,6.41,211,0,1,6.41,300,0,1,5.98,211,1,0,6.41,200,0,1,6.41,310,0,1,5.98,311,0,1,5.98,111,0,0,2.17,110,0,1,5.98,310,1,0,5.98,100,1,0,5.98,201,0,1,6.41,111,1,0,5.98,200,1,1,1.47,101,1,0,5.98,201,1,0,6.41,301,1,0,5.98,110,1,0,5.98,201,1,0,6.41,311,1,0,5.98,300,1,0,5.98
2,3,529,F,1996,Y,60,5,2,1,2,2,1,3,2,3,2,3,3,2,2,3,1,1,3,3,3,4,2,2,2,2,4,3,4,4,111,0,1,5.98,310,0,1,5.98,210,0,1,6.41,211,0,1,6.41,301,0,1,5.98,311,0,1,5.98,100,0,1,5.98,101,0,1,5.98,110,0,0,2.53,300,0,1,5.98,101,1,0,5.98,100,1,1,3.04,210,1,0,6.41,200,0,1,6.41,201,0,1,6.41,311,1,0,5.98,200,1,0,6.41,310,1,1,3.03,201,1,0,6.41,110,1,1,3.39,211,1,0,6.41,301,1,0,5.98,211,1,1,4.72,200,1,1,2.03
2,3,529,F,1996,Y,60,5,3,0,4,4,4,5,4,5,5,4,4,3,2,4,1,1,3,2,4,4,3,3,3,4,4,4,4,4,101,0,1,5.98,310,0,1,5.98,200,0,1,6.41,311,0,1,5.98,300,0,1,5.98,201,0,1,6.41,301,0,1,5.98,310,1,1,3.23,100,0,1,5.98,111,0,1,5.98,211,0,1,6.41,100,1,1,2.56,301,1,1,2.41,110,0,1,5.98,210,0,1,6.41,200,1,1,4.11,201,1,1,3.51,311,1,1,3.34,211,1,1,3.36,210,1,1,3.03,111,1,1,3.26,101,1,1,1.79,300,1,1,3.68,110,1,1,2.08
2,3,529,F,1996,Y,60,5,4,1,3,2,2,4,3,5,5,5,5,2,1,4,1,1,3,3,4,3,4,2,2,4,4,4,4,5,211,0,1,6.41,300,0,1,5.98,310,0,1,5.98,101,0,1,5.98,110,0,1,5.98,301,0,1,5.98,210,0,1,6.41,200,0,1,6.41,211,1,0,6.41,101,1,0,5.98,201,0,1,6.41,301,1,1,3.24,111,0,1,5.98,110,1,1,2.72,100,0,0,3.6,201,1,0,6.41,100,1,1,2.6,311,0,0,3.75,300,1,1,3.61,311,1,1,2.95,111,1,1,3.27,200,1,0,6.41,210,1,0,6.41,310,1,1,3.14
3,1,529,M,1997,N,,5,1,1,3,3,3,3,3,2,2,3,5,2,3,1,1,1,3,1,1,1,3,3,3,3,4,5,5,4,201,0,1,6.41,101,0,1,5.98,100,0,1,5.98,210,0,1,6.41,101,1,1,1.26,100,1,1,1.28,200,0,1,6.41,111,0,1,5.98,210,1,0,6.41,211,0,0,2.13,110,0,0,1.36,311,0,0,1.86,300,0,1,5.98,211,1,1,1.29,310,0,1,5.98,200,1,1,1.21,310,1,1,1.68,211,1,1,2.11,301,0,1,5.98,201,1,1,2.75,300,1,0,5.98,110,1,0,5.98,311,1,1,1.13,301,1,1,1.24
3,1,529,M,1997,N,,5,2,0,4,3,4,4,2,4,3,5,4,2,3,4,1,1,3,3,3,2,3,3,4,3,4,4,4,4,100,0,1,5.98,211,0,1,6.41,111,0,1,5.98,201,0,1,6.41,200,0,1,6.41,210,0,1,6.41,311,0,1,5.98,111,1,1,1.86,210,1,1,1.66,300,0,0,1.59,101,0,1,5.98,301,0,0,1.43,110,0,0,2.16,311,1,1,2.56,101,1,1,1.98,201,1,1,2.11,310,0,0,1.73,211,1,1,2.01,200,1,1,2.94,110,1,1,2.74,301,1,1,3.16,100,1,1,1.56,300,1,1,2.81,310,1,0,5.98
3,1,529,M,1997,N,,5,3,1,2,2,2,2,1,3,3,4,3,2,2,2,2,2,2,2,3,1,3,3,4,2,3,4,4,3,210,0,1,6.41,201,0,1,6.41,311,0,1,5.98,110,0,1,5.98,111,0,1,5.98,211,0,0,1.15,111,1,1,1.28,311,1,1,1.43,300,0,1,5.98,201,1,1,2.14,301,0,0,3.56,300,1,1,2.84,310,0,0,0.87,211,1,0,6.41,101,0,0,1.15,110,1,1,1.02,101,1,0,5.98,200,0,0,1.07,210,1,0,6.41,100,0,1,5.98,301,1,1,1.34,100,1,1,1.26,200,1,1,1.5,310,1,1,2.58
3,1,529,M,1997,N,,5,4,0,3,4,3,4,1,3,3,4,3,3,2,3,1,1,3,2,3,1,3,3,4,3,3,4,4,4,301,0,1,5.98,300,0,1,5.98,201,0,1,6.41,200,0,1,6.41,210,0,1,6.41,110,0,1,5.98,211,0,1,6.41,110,1,1,1.93,211,1,1,2.63,100,0,0,1.56,301,1,0,5.98,311,0,1,5.98,200,1,1,2.54,100,1,1,2.64,310,0,1,5.98,300,1,1,1.73,311,1,0,5.98,111,0,0,2.08,201,1,0,6.41,310,1,1,2.26,101,0,0,1.56,111,1,0,5.98,101,1,1,1.4,210,1,0,6.41
4,2,529,M,1996,N,,4,1,0,4,4,5,4,3,2,2,4,3,5,4,4,2,2,4,4,4,2,4,2,2,2,3,4,4,2,301,0,1,5.98,311,0,1,5.98,210,0,1,6.41,110,0,1,5.98,100,0,1,5.98,310,0,1,5.98,301,1,1,1.81,111,0,1,5.98,101,0,1,5.98,100,1,1,1.33,101,1,1,2.48,111,1,1,1.4,300,0,0,2.73,110,1,1,1.78,201,0,1,6.41,200,0,1,6.41,211,0,1,6.41,201,1,1,1.61,211,1,1,1.73,210,1,1,1.46,310,1,1,2.36,200,1,1,1.63,311,1,1,2.08,300,1,1,1.68
4,2,529,M,1996,N,,4,2,1,2,2,2,1,1,1,1,2,1,2,1,1,1,1,1,1,1,1,1,2,3,1,1,1,1,2,111,0,1,5.98,300,0,1,5.98,201,0,1,6.41,211,0,1,6.41,101,0,1,5.98,110,0,1,5.98,210,0,1,6.41,100,0,1,5.98,311,0,1,5.98,200,0,0,4.44,111,1,1,2.24,211,1,0,6.41,310,0,1,5.98,101,1,1,1.87,110,1,1,1.67,300,1,0,5.98,200,1,0,6.41,301,0,1,5.98,210,1,1,1.67,301,1,0,5.98,310,1,1,2.32,311,1,1,2.27,100,1,1,1.9,201,1,1,1.62
4,2,529,M,1996,N,,4,3,0,4,4,4,4,4,3,4,4,3,3,4,3,4,2,3,3,4,4,4,3,4,3,3,3,3,2,211,0,1,6.41,300,0,1,5.98,111,0,1,5.98,110,0,1,5.98,311,0,1,5.98,301,0,1,5.98,110,1,1,1.51,100,0,1,5.98,200,0,1,6.41,111,1,1,2.11,210,0,1,6.41,301,1,0,5.98,201,0,1,6.41,311,1,1,2.7,210,1,0,5.98,300,1,1,3.05,200,1,1,2.75,201,1,1,1.53,210,1,1,1.2,211,1,1,1.59,101,0,1,5.98,310,0,0,2.01,100,1,1,3.29,101,1,1,1.43
4,2,529,M,1996,N,,4,4,1,2,2,1,2,1,1,2,1,1,1,2,1,1,2,1,1,1,1,2,2,2,1,2,1,2,2,300,0,1,5.98,100,0,1,5.98,200,0,1,6.41,310,0,1,5.98,311,0,1,5.98,111,0,1,5.98,200,1,1,2.08,300,1,1,1.93,101,0,1,5.98,310,1,0,5.98,211,0,1,6.41,301,0,0,1.82,210,0,1,6.41,311,1,1,1.97,111,1,1,1.92,201,0,1,6.41,301,1,0,5.98,210,1,1,1.74,301,1,1,1.64,211,1,1,2.29,201,1,1,1.74,110,0,0,1.71,310,1,1,2.82,100,1,1,1.55
5,2,529,M,1999,N,,5,1,1,3,2,3,3,3,2,2,1,4,2,1,3,1,1,1,1,1,2,3,1,1,3,3,4,5,4,110,0,1,5.98,211,0,1,6.41,301,0,1,5.98,310,0,0,1.72,311,0,1,5.98,100,0,1,5.98,310,1,0,5.98,211,1,0,6.41,201,0,1,6.41,200,0,1,6.41,210,0,1,6.41,200,1,0,6.41,201,1,0,6.41,300,0,1,5.98,110,1,1,2.86,101,0,0,2.25,300,1,1,2.93,210,1,0,6.41,111,0,1,5.98,101,1,0,5.98,301,1,0,5.98,111,1,1,1.94,311,1,1,3.6,100,1,0,5.98
5,2,529,M,1999,N,,5,2,0,1,1,1,1,1,2,3,2,1,2,1,1,1,1,1,1,1,1,2,2,2,1,3,4,4,3,301,0,1,5.98,201,0,1,6.41,311,0,1,5.98,100,0,1,5.98,210,0,1,6.41,211,0,1,6.41,310,0,1,5.98,210,1,0,6.41,201,1,1,4.08,111,0,1,5.98,101,0,1,5.98,300,0,1,5.98,301,1,1,3.95,100,1,1,2.58,311,1,1,4.03,300,1,1,4.15,200,0,1,6.41,311,1,0,5.98,101,1,1,3.88,111,1,1,2.64,211,1,0,6.41,210,1,1,3.43,100,1,1,2.09,200,1,1,2.7
5,2,529,M,1999,N,,5,3,1,3,1,2,3,3,1,1,2,2,2,1,2,1,1,1,1,1,3,1,1,1,3,3,3,4,3,311,0,1,5.98,101,0,1,5.98,111,0,1,5.98,301,0,1,5.98,101,1,1,2.54,200,0,1,6.41,201,0,1,6.41,301,1,1,2.96,310,0,1,5.98,210,0,1,6.41,110,0,1,5.98,311,1,1,1.67,100,0,1,5.98,210,1,0,6.41,110,1,0,5.98,201,1,0,6.41,100,1,1,1.74,300,0,1,5.98,211,0,1,6.41,111,1,1,2.32,200,1,0,6.41,310,1,1,2.65,211,1,0,6.41,300,1,1,3.56
5,2,529,M,1999,N,,5,4,0,1,1,1,1,1,1,1,1,1,3,1,3,1,1,1,1,1,1,2,2,1,1,2,3,3,3,211,0,1,6.41,310,0,1,5.98,300,0,1,5.98,111,0,1,5.98,201,0,1,6.41,301,0,1,5.98,211,1,0,6.41,300,1,1,1.91,200,0,0,1.76,101,0,0,2.05,100,0,0,2.48,101,1,1,2.01,211,1,1,2.09,110,0,1,5.98,300,1,0,5.98,311,0,0,1.38,111,1,1,1.68,310,1,1,2.69,201,1,1,3.53,110,1,1,3.78,210,0,0,2.43,301,1,1,2.96,210,1,1,2.66,311,1,1,4.46
6,3,529,F,1998,N,,5,1,0,2,2,3,2,2,1,1,1,1,1,1,4,1,3,2,2,2,2,2,2,2,2,2,3,4,1,110,0,1,5.98,211,0,1,6.41,301,0,1,5.98,310,0,0,1.72,311,0,1,5.98,100,0,1,5.98,310,1,0,5.98,211,1,0,6.41,201,0,1,6.41,200,0,1,6.41,210,0,1,6.41,200,1,0,6.41,201,1,0,6.41,300,0,1,5.98,110,1,0,5.98,101,0,0,2.86,300,1,1,2.25,210,1,1,2.93,111,0,1,6.41,101,1,0,5.98,301,1,0,5.98,111,1,1,1.94,311,1,1,3.6,100,1,0,5.98
6,3,529,F,1998,N,,5,2,1,2,2,1,1,1,1,1,2,2,1,1,1,1,1,2,1,1,1,3,2,2,1,3,3,4,2,301,0,1,5.98,201,0,1,6.41,311,0,1,5.98,100,0,1,5.98,210,0,1,6.41,211,0,1,6.41,310,0,1,5.98,210,1,0,6.41,201,1,1,4.08,111,0,1,5.98,301,1,0,5.98,300,0,1,5.98,301,1,1,3.95,110,0,0,2.58,311,1,1,4.03,300,1,1,4.15,200,0,1,6.41,310,1,0,5.98,101,0,0,3.88,111,1,1,2.64,211,1,0,6.41,110,1,1,3.42,100,1,1,2.09,211,1,1,2.7
6,3,529,F,1998,N,,5,3,0,2,2,2,2,2,1,2,1,2,3,2,4,1,2,3,2,3,2,1,1,1,2,1,1,2,1,311,0,1,5.98,101,0,1,5.98,111,0,1,5.98,301,0,1,5.98,101,1,1,2.54,200,0,1,6.41,201,0,1,6.41,301,1,1,2.96,310,0,1,5.98,210,0,1,6.41,110,0,1,5.98,311,1,1,1.67,101,1,0,5.98,210,1,0,6.41,110,1,0,5.98,201,1,0,6.41,100,0,0,1.74,300,0,1,5.98,211,0,1,6.41,111,1,1,2.32,200,1,0,6.41,310,1,1,2.65,211,1,0,6.41,301,1,1,3.56
6,3,529,F,1998,N,,5,4,1,1,1,1,1,1,1,1,1,1,1,1,1,1,1,1,1,1,1,1,1,1,1,1,2,3,1,211,0,1,6.41,310,0,1,5.98,300,0,1,5.98,111,0,1,5.98,201,0,1,6.41,301,0,1,5.98,200,0,1,6.41,100,0,0,1.91,200,1,1,1.76,101,0,0,2.05,100,1,1,2.48,101,1,1,2.01,211,1,1,2.09,110,0,1,5.98,300,1,0,5.98,311,0,0,1.38,111,1,1,1.68,310,1,1,2.69,201,1,1,3.53,110,1,1,3.78,210,0,0,2.43,301,1,1,2.96,210,1,1,2.66,311,1,1,4.46
7,2,529,M,2000,N,,3,1,1,2,2,2,2,2,2,2,2,2,1,1,1,1,1,1,1,1,1,2,2,2,1,1,3,3,3,301,0,1,5.98,311,0,1,5.98,300,0,1,5.98,210,0,1,6.41,201,0,1,6.41,110,0,1,5.98,301,1,0,5.98,111,0,1,5.98,310,0,0,1.81,111,1,0,5.98,310,1,0,5.98,101,0,1,5.98,311,1,1,1.43,201,1,1,2.23,101,1,0,5.98,310,1,1,3.53,200,0,1,6.41,100,0,0,2.38,211,0,0,2.3,300,1,0,5.98,211,1,1,1.61,210,1,1,2.01,200,1,1,4.21,301,1,1,2.15
7,2,529,M,2000,N,,3,2,0,4,4,4,3,2,3,4,4,4,1,1,1,1,1,3,3,3,2,3,3,3,4,4,4,4,4,310,0,1,5.98,101,0,1,5.98,111,0,1,5.98,110,0,1,5.98,201,0,1,6.41,211,0,1,6.41,111,1,0,5.98,101,1,1,5.83,200,0,1,6.41,110,1,1,3.7,100,0,1,5.98,300,0,1,5.98,210,0,1,6.41,201,1,1,1.61,300,1,0,5.98,311,0,1,5.98,100,1,0,5.98,311,1,1,1.71,211,1,1,1.58,310,1,1,5.99,301,0,0,2.16,201,1,0,6.41,301,1,0,5.98,210,1,1,1.83
7,2,529,M,2000,N,,3,3,1,2,2,2,2,2,3,2,2,3,1,1,1,1,1,3,2,2,2,3,3,3,3,2,4,4,4,210,0,1,6.41,311,0,1,5.98,200,0,1,6.41,100,0,1,5.98,101,0,1,5.98,201,0,1,6.41,301,0,1,5.98,101,1,1,3.01,310,0,1,5.98,301,1,0,5.98,201,1,0,6.41,100,1,0,5.98,111,0,1,5.98,310,1,0,5.98,311,1,1,2.03,300,0,1,5.98,111,1,0,5.98,110,0,0,2.93,200,1,0,6.41,211,0,1,6.41,110,1,1,2.16,300,1,1,2.13,211,1,1,2.38,210,1,1,2.36
7,2,529,M,2000,N,,3,4,0,4,4,4,3,2,3,4,4,4,1,1,1,1,1,3,3,3,2,3,3,3,4,4,4,4,4,101,0,1,5.98,311,0,1,5.98,200,0,1,6.41,301,0,1,5.98,210,0,1,6.41,211,0,1,6.41,301,1,1,1.61,110,0,1,5.98,111,0,0,1.99,101,1,0,5.98,311,1,1,2.04,111,1,1,2.15,200,1,1,1.81,210,1,1,2.35,201,0,0,2.21,311,1,1,2.07,310,0,0,3.28,211,1,0,6.41,300,0,0,1.72,210,1,1,2.31,310,1,1,2.13,100,0,0,3.13,201,1,1,2.43,100,1,1,2.13
8,3,529,M,1998,Y,3,5,1,0,5,5,5,5,5,5,5,5,5,3,5,2,2,2,5,5,5,5,5,5,5,2,5,5,5,5,111,0,1,5.98,100,0,1,5.98,311,0,1,5.98,111,1,1,2.61,210,0,1,6.41,301,0,1,5.98,110,0,0,2.63,201,0,1,6.41,300,0,1,5.98,310,0,0,2.07,311,1,1,2.32,301,1,1,2.45,211,0,0,6.41,100,1,0,5.98,200,0,1,6.41,300,1,1,2.64,200,1,1,6.41,310,1,1,1.8,110,1,1,1.78,211,1,1,6.41,210,1,1,6.41,101,0,0,2.1,201,1,1,6.41,101,1,1,1.53
8,3,529,M,1998,Y,3,5,2,1,1,3,1,1,1,2,1,2,3,1,1,1,1,1,1,1,2,1,4,4,4,1,2,4,4,2,110,0,1,5.98,200,0,1,6.41,201,0,1,6.41,211,0,1,6.41,310,0,1,5.98,311,0,1,5.98,300,0,1,5.98,210,0,1,6.41,200,1,1,1.13,111,0,1,5.98,100,0,1,5.98,310,1,1,0.93,110,1,1,0.86,301,0,1,5.98,210,1,1,0.86,101,0,1,5.98,300,1,1,1.19,311,1,1,2.33,201,1,1,1.29,100,1,1,1.16,211,1,1,2.66,101,1,1,2.29,301,1,1,1.29,111,1,1,0.89
8,3,529,M,1998,Y,3,5,3,0,5,5,5,5,5,5,5,5,5,5,5,1,1,1,4,5,5,5,4,4,4,1,1,4,4,2,100,0,1,5.98,101,0,1,5.98,300,0,1,5.98,210,0,1,6.41,111,0,1,5.98,200,0,1,6.41,211,0,1,6.41,311,0,1,5.98,111,1,1,2.39,110,0,0,2.35,311,1,1,1.93,310,0,1,5.98,210,1,1,1.09,301,0,1,5.98,211,1,1,0.89,110,1,1,1.46,201,0,1,6.41,101,1,1,2.56,301,1,1,1.71,310,1,1,1.48,200,1,0,6.41,100,1,1,3.84,300,1,1,1.92,201,1,1,2.49
8,3,529,M,1998,Y,3,5,4,1,2,2,2,2,2,3,3,2,1,1,1,1,1,1,1,2,2,2,4,4,4,1,1,4,4,1,211,0,1,6.41,100,0,1,5.98,300,0,1,5.98,101,0,1,5.98,311,0,1,5.98,301,0,1,5.98,111,0,1,5.98,201,0,1,6.41,101,1,1,1.93,310,0,1,5.98,110,0,1,5.98,210,0,0,2.26,110,1,1,3.79,100,1,0,5.98,301,1,1,2.64,311,1,1,1.44,300,1,1,1.5,111,1,1,3.14,201,1,1,2.38,200,0,0,4.2,211,1,1,1.71,210,1,1,1.53,200,1,1,1.63,310,1,1,1.81
9,3,530,M,1996,N,,4,1,1,2,2,1,1,2,2,1,2,1,1,2,1,1,1,2,1,2,2,1,2,1,2,1,3,4,2,201,0,1,6.41,200,0,1,6.41,100,0,1,5.98,110,0,1,5.98,200,1,1,2.15,301,0,1,5.98,300,0,1,5.98,310,0,1,5.98,300,1,1,1.91,310,1,1,2.01,301,1,1,2.13,210,0,1,6.41,211,0,1,6.41,311,0,1,5.98,100,1,1,2.56,110,1,1,1.91,111,0,1,5.98,311,1,1,4,210,1,1,1.41,201,1,1,2.65,101,0,1,5.98,111,1,1,1.68,101,1,1,2.01,211,1,1,3.3
9,3,530,M,1996,N,,4,2,0,3,4,4,4,3,4,3,4,3,3,3,3,4,3,4,4,3,3,4,4,4,3,4,4,4,4,200,0,1,6.41,211,0,1,5.41,301,0,1,5.98,111,0,1,5.98,110,0,1,5.98,111,1,1,1.53,210,0,1,6.41,100,0,0,1.36,211,1,0,6.41,300,0,1,5.98,101,0,0,1.25,310,0,0,1.61,201,0,0,1.42,311,0,1,5.98,201,1,1,1.33,210,1,1,2.06,300,1,1,2.38,110,1,1,2.77,311,1,0,5.98,100,1,1,1.5,310,1,1,1.23,301,1,1,2.03,101,1,1,1.83,200,1,1,1.26
9,3,530,M,1996,N,,4,3,1,2,2,2,3,2,2,3,3,3,1,1,1,1,1,2,2,1,2,2,1,1,2,1,3,4,3,111,0,1,5.98,211,0,1,6.41,201,0,1,6.41,311,0,1,5.98,100,0,1,5.98,210,0,1,6.41,101,0,1,5.98,200,0,0,1.68,301,0,0,1.88,101,1,1,2.55,111,1,1,2.63,100,1,1,3.11,311,1,0,5.98,300,0,0,1.3,211,1,1,1.65,301,1,1,2.33,310,0,1,5.98,110,0,1,5.98,200,1,1,1.51,110,1,1,2.06,201,1,1,1.66,300,1,1,1.46,310,1,1,2.23,210,1,1,2.4
9,3,530,M,1996,N,,4,4,0,4,3,4,4,4,3,4,3,4,3,4,3,4,4,3,3,4,4,2,3,2,4,3,3,4,3,301,0,1,5.98,111,0,1,5.98,310,0,1,5.98,311,0,1,5.98,200,0,1,6.41,211,0,1,6.41,200,1,1,0.73,111,1,1,0.46,101,0,1,5.98,210,0,0,0.43,201,0,0,0.96,100,0,1,5.98,201,1,1,0.79,300,0,1,5.98,110,0,0,0.49,300,1,1,0.59,210,1,1,1.53,311,1,0,5.98,301,1,0,5.98,211,1,1,1.09,100,1,1,0.89,110,1,1,1,310,1,1,1.39,101,1,1,0.63
10,2,530,M,1997,N,,5,1,0,4,3,2,4,4,3,3,2,4,1,1,2,1,1,3,3,3,3,4,3,5,5,4,4,4,4,300,0,1,5.98,200,0,1,6.41,210,0,1,6.41,101,0,1,5.98,110,0,1,5.98,310,0,1,5.98,101,1,1,1.75,301,0,1,5.98,111,0,1,5.98,211,0,1,6.41,301,1,0,5.98,201,0,1,6.41,211,1,1,1.9,210,1,1,1.78,100,0,1,5.98,311,0,0,2.25,111,1,1,1.8,100,1,1,1.57,310,1,1,1.75,110,1,1,1.53,311,1,1,1.62,300,1,1,1.5,200,1,1,1.55,201,1,1,1.62
10,2,530,M,1997,N,,5,2,1,2,2,1,1,1,2,2,1,3,1,2,1,1,1,1,1,1,2,2,1,3,1,1,3,3,3,301,0,1,5.98,311,0,1,5.98,200,0,1,6.41,210,0,1,6.41,300,0,1,5.98,211,0,1,6.41,111,0,1,5.98,311,1,1,3.99,100,0,1,5.98,210,1,1,4.06,301,1,1,2.49,211,1,0,6.41,111,1,1,3.55,110,0,1,5.98,200,1,1,8.63,201,0,0,8.61,310,0,1,5.98,100,1,0,5.98,310,1,1,1.81,101,0,0,2.55,201,1,1,1.78,110,1,1,1.7,300,1,1,2.38,101,1,1,2.03
10,2,530,M,1997,N,,5,3,0,4,3,2,4,4,3,3,1,4,1,1,1,1,1,3,3,2,3,5,2,5,4,4,4,4,4,300,0,1,5.98,200,0,1,6.41,301,0,1,5.98,211,0,1,6.41,101,0,1,5.98,110,0,1,5.98,210,0,1,6.41,211,1,0,6.41,111,0,1,5.98,310,0,1,5.98,210,1,0,6.41,200,1,1,1.79,100,0,1,5.98,201,0,1,6.41,101,1,1,2.26,301,1,1,2.21,201,1,1,1.61,310,1,1,4.02,111,1,1,1.62,300,1,1,1.57,311,0,0,2.08,110,1,1,1.68,100,1,1,2.14,311,1,1,2.06
10,2,530,M,1997,N,,5,4,1,2,2,1,1,1,1,1,1,3,1,1,1,1,1,1,1,1,1,2,1,1,1,1,3,3,3,211,0,1,6.41,310,0,1,5.98,110,0,1,5.98,301,0,1,5.98,311,0,1,5.98,210,0,0,2.29,110,1,1,2.56,100,0,1,5.98,111,0,1,5.98,100,1,1,1.98,101,0,1,5.98,200,0,1,6.41,210,1,1,3.5,201,0,0,2.76,300,0,1,5.98,311,1,1,2.51,310,1,1,4.11,211,1,0,6.41,200,1,1,2.21,301,1,0,5.98,300,1,1,2.23,111,1,1,2.16,201,1,1,1.71,101,1,1,1.81
11,1,531,M,2000,N,,1,1,1,2,2,2,2,1,1,1,1,4,1,4,4,2,2,4,1,4,5,5,2,4,4,5,4,4,4,111,0,1,5.98,201,0,1,6.41,210,0,1,6.41,111,1,1,3.33,311,0,0,2.96,100,0,1,5.98,211,0,0,3.14,310,0,1,5.98,210,1,0,6.41,200,0,1,6.41,301,0,0,3.45,100,1,0,5.98,310,1,1,3.84,201,1,1,3.58,300,0,0,3.26,101,0,0,3.71,301,1,1,2.54,311,1,1,3.51,110,0,1,5.98,200,1,1,3.11,211,1,1,3.58,101,1,0,5.98,300,1,0,5.98,110,1,1,2.84
11,1,531,M,2000,N,,1,2,0,4,4,4,4,5,5,5,5,5,2,1,4,2,1,4,1,4,5,5,5,5,5,5,4,4,5,110,0,1,5.98,311,0,1,5.98,111,0,0,3.45,300,0,1,5.98,201,0,1,6.41,111,1,1,3.03,301,0,1,5.98,311,1,1,1.95,210,0,1,6.41,101,0,1,5.98,100,0,1,5.98,110,1,0,5.98,200,0,0,2.95,301,1,1,3.87,200,1,1,3.53,310,0,0,3.96,101,1,0,5.98,201,1,1,2.81,210,1,0,6.41,310,1,1,2.46,211,0,0,3.75,100,1,0,5.98,211,1,1,2.97,300,1,1,2.78
11,1,531,M,2000,N,,1,3,1,4,2,4,1,2,4,4,5,5,1,2,1,1,1,1,4,4,4,5,5,5,5,5,5,5,5,311,0,1,5.98,311,1,1,2.04,211,0,1,6.41,300,0,1,5.98,210,0,1,6.41,100,0,1,5.98,201,0,1,6.41,111,0,1,5.98,101,0,1,5.98,200,0,0,3.03,110,0,1,5.98,101,1,1,1.86,200,1,1,3.39,211,1,1,2.79,301,0,1,5.98,110,1,0,5.98,300,1,0,5.98,310,0,1,5.98,100,1,0,5.98,111,1,1,2.44,310,1,1,2.33,201,1,1,2,301,1,0,5.98,210,1,1,2.46
11,1,531,M,2000,N,,1,4,0,4,4,4,5,5,5,5,5,5,4,2,5,2,1,4,5,4,4,5,5,5,5,4,5,5,4,101,0,1,5.98,110,0,1,5.98,300,0,1,5.98,200,0,1,6.41,111,0,1,5.98,200,1,1,2.07,100,0,0,3.02,210,0,1,6.41,311,0,0,3.63,110,1,1,3,210,1,1,4.14,201,0,1,6.41,100,1,1,3.13,310,0,1,5.98,101,1,1,2.13,211,0,0,3.17,201,1,0,6.41,311,1,1,4.32,211,1,1,2.18,111,1,1,1.89,301,0,0,3.1,310,1,0,5.98,301,1,1,3.6,300,1,0,5.98
12,3,531,F,2000,N,,3,1,0,2,2,2,2,2,5,5,5,5,1,2,3,1,1,3,3,3,1,5,5,5,3,5,5,5,5,200,0,1,6.41,111,0,1,5.98,311,0,1,5.98,101,0,1,5.98,201,0,1,6.41,300,0,0,2.69,201,1,1,3.28,110,0,1,5.98,100,0,0,2.71,301,0,0,2.51,211,0,1,6.41,210,0,1,6.41,310,0,1,5.98,210,1,1,1.68,310,1,1,1.51,111,1,1,1.84,311,1,1,1.61,301,1,1,1.78,110,1,1,1.73,211,1,1,1.8,100,1,1,1.56,101,1,1,1.93,200,1,1,1.43,300,1,1,1.61
12,3,531,F,2000,N,,3,2,1,1,1,1,1,1,3,3,2,5,1,1,1,1,1,3,1,3,1,3,3,5,3,3,3,2,4,311,0,1,5.98,210,0,1,6.41,110,0,1,5.98,301,0,1,5.98,100,0,1,5.98,110,1,1,0.96,211,0,0,0.69,200,0,0,0.83,300,0,1,5.98,211,1,1,0.86,111,0,0,1,200,1,1,0.83,210,1,1,1.26,301,1,1,0.89,101,0,1,5.93,111,1,1,0.76,311,1,1,0.59,310,0,0,0.86,101,1,1,0.83,201,0,0,2.56,310,1,1,0.63,100,1,1,1.36,300,1,1,1.33,201,1,1,0.89
12,3,531,F,2000,N,,3,3,0,2,2,2,2,1,3,4,3,2,3,1,3,2,1,1,2,3,1,3,3,5,3,2,3,1,1,111,0,1,5.98,100,0,1,5.98,300,0,1,5.98,200,0,1,6.41,210,0,1,6.41,310,0,1,5.98,201,0,1,6.41,311,0,0,2.93,301,0,1,5.98,101,0,0,2.13,301,1,1,2.01,110,0,0,1.5,211,0,0,2.31,201,1,0,6.41,111,1,1,1.79,100,1,1,1.64,210,1,1,1.66,200,1,1,1.46,211,1,1,1.66,310,1,1,1.61,101,1,1,1.78,110,1,1,1.54,311,1,1,1.59,300,1,1,1.61
12,3,531,F,2000,N,,3,4,1,2,2,3,2,1,3,3,3,3,1,1,1,1,1,3,1,1,1,3,3,5,1,3,2,4,3,310,0,1,5.98,300,0,1,5.98,201,0,1,6.41,200,0,1,6.41,211,0,1,6.41,101,0,1,5.98,311,0,0,0.49,201,1,1,1.01,200,1,1,2,100,0,1,5.98,211,1,1,2.23,110,0,1,5.98,101,1,1,0.93,210,0,0,3.26,110,1,1,1.43,210,1,1,1.02,311,1,1,0.86,310,1,1,1.16,301,0,0,1.09,100,1,1,1.08,300,1,0,5.98,301,1,1,2.1,111,0,0,1.06,111,1,1,0.96
13,2,531,M,1998,N,,5,1,1,3,2,3,2,2,4,3,4,4,3,2,2,2,2,3,2,2,2,3,3,3,2,4,3,3,4,110,0,1,5.98,101,0,1,5.98,111,0,1,5.98,210,0,1,6.41,211,0,1,6.41,200,0,1,6.41,300,0,1,5.98,310,0,1,5.98,101,1,1,2.01,200,1,1,1.63,211,1,1,1.73,311,0,1,5.98,100,0,1,5.98,110,1,1,1.49,201,0,0,1.75,311,1,1,2,301,0,0,1.65,100,1,1,1.93,310,1,1,2.13,301,1,1,1.71,210,1,1,1.96,201,1,1,2.14,300,1,0,5.98,111,1,1,1.4
13,2,531,M,1998,N,,5,2,0,4,4,5,4,4,4,4,4,4,5,5,5,4,3,4,5,5,4,5,5,4,4,4,4,4,4,310,0,1,5.98,301,0,1,5.98,101,0,1,5.98,211,0,1,6.41,111,0,1,5.98,100,0,1,5.98,200,0,1,6.41,311,0,1,5.98,111,1,1,2.89,300,0,1,5.98,100,1,1,3.2,211,1,1,1.61,300,1,1,2.6,110,0,1,5.98,101,1,1,2.93,210,0,1,6.41,311,1,1,2.46,301,1,1,2.11,310,1,1,2.49,110,1,1,2.61,201,0,0,3.87,200,1,1,1.78,210,1,1,2.03,201,1,1,2.03
13,2,531,M,1998,N,,5,3,1,3,2,3,2,2,2,2,3,4,3,3,3,2,2,2,2,2,2,3,3,3,2,2,2,3,3,110,0,1,5.98,301,0,1,5.98,211,0,1,6.41,200,0,1,6.41,301,1,1,4.11,310,0,1,5.98,111,0,1,5.98,201,0,0,6.41,100,0,0,5.98,310,1,1,5.98,111,1,1,5.98,201,1,0,4.23,210,0,1,6.41,311,0,1,4.64,210,1,1,1.95,211,1,1,4.13,110,1,1,1.76,100,1,0,2.46,101,0,1,1.17,300,0,1,5.98,101,1,1,1.56,311,1,1,3.19,300,1,1,1.59,200,1,1,1.63
13,2,531,M,1998,N,,5,4,0,4,3,4,5,4,5,4,4,4,5,4,3,4,4,3,4,5,4,4,5,4,4,3,4,4,4,200,0,1,6.41,301,0,1,5.98,201,0,1,6.41,311,0,1,5.98,210,0,1,6.41,301,1,1,2.86,110,0,1,5.98,100,0,1,5.98,300,0,1,5.98,200,1,1,0.91,211,0,1,6.41,201,1,1,3.3,111,0,1,5.98,110,1,1,0.69,111,1,1,1.39,300,1,1,1.47,310,0,1,5.98,211,1,1,0.92,101,0,1,5.98,310,1,1,1.13,311,1,0,5.98,101,1,1,0.65,210,1,1,0.73,100,1,1,0.91
14,2,531,M,2002,Y,10,4,1,0,2,3,2,3,4,4,4,4,5,2,2,1,4,1,2,4,3,2,3,3,4,3,4,4,4,4,110,0,1,5.98,311,0,1,5.98,110,1,1,1.92,310,0,0,2.18,200,0,1,6.41,201,0,1,6.41,210,0,0,2.15,211,0,1,6.41,210,1,1,3.14,200,1,1,2.64,111,0,1,5.98,100,0,1,5.98,111,1,1,1.92,300,0,1,5.98,101,0,0,3.31,201,1,1,2.58,101,1,1,3.07,310,1,1,2.21,211,1,1,2.31,311,1,1,3.53,300,1,0,5.98,100,1,1,3.5,301,0,1,5.98,301,1,1,2.54
14,2,531,M,2002,Y,10,4,2,1,1,1,1,1,1,3,3,3,3,1,1,1,1,1,1,4,2,1,3,3,3,2,2,3,4,2,310,0,1,5.98,101,0,1,5.98,200,0,1,6.41,201,0,1,6.41,100,0,1,5.98,110,0,1,5.98,210,0,0,1.79,300,0,1,5.98,311,0,1,5.98,301,0,1,5.98,100,1,0,5.98,310,1,0,5.98,210,1,1,2.53,111,0,0,2.74,101,1,1,2.59,111,1,1,2.16,301,1,1,2.28,201,1,1,2.33,210,1,1,1.85,211,0,0,2.44,300,1,1,4.36,211,1,0,6.41,110,1,0,5.98,311,1,1,1.91
14,2,531,M,2002,Y,10,4,3,0,4,4,4,3,4,4,3,4,4,1,1,1,2,1,3,3,3,2,3,3,2,3,4,2,3,3,201,0,1,6.41,110,0,1,5.98,111,0,1,5.98,300,0,1,5.98,101,0,0,1.83,211,0,1,6.41,310,0,1,5.98,311,0,0,1.78,210,0,0,4.38,200,0,1,6.41,100,0,1,5.98,311,1,0,5.98,310,1,1,1.81,301,0,1,5.98,210,1,1,2.01,211,1,1,1.83,110,1,0,5.98,301,1,0,5.98,101,1,1,1.87,111,1,1,2.71,201,1,0,6.41,300,1,1,2.79,200,1,1,2.29,100,1,0,5.98
14,2,531,M,2002,Y,10,4,4,1,2,2,1,1,1,3,3,3,3,2,1,2,1,1,1,4,2,1,3,3,2,3,2,3,3,4,300,0,1,5.98,110,0,1,5.98,310,0,1,5.98,210,0,1,6.41,201,0,1,6.41,111,0,1,5.98,211,0,0,2.48,111,1,1,2.21,100,0,1,5.98,301,0,1,5.98,101,0,1,5.98,301,1,1,2.94,201,1,0,6.41,200,0,0,2.81,300,1,1,3.19,100,1,0,5.98,311,0,1,5.98,200,1,1,2.96,211,1,1,1.84,311,1,1,1.94,110,1,1,3.05,210,1,1,2.05,101,1,1,2.45,310,1,0,5.98
15,2,531,F,2001,N,,3,1,1,1,1,1,3,1,4,4,5,5,1,1,1,1,1,1,4,2,3,5,5,5,1,5,5,5,5,110,0,1,5.98,210,0,1,6.41,101,0,1,5.98,211,0,1,6.41,101,1,1,2.15,301,0,1,5.98,201,0,1,6.41,200,0,1,6.41,300,0,1,5.98,311,0,1,5.98,100,0,1,5.98,201,1,1,1.98,111,0,0,1.8,210,1,1,2.68,310,0,1,5.98,211,1,1,2.01,200,1,1,2.06,301,1,1,2.1,311,1,1,1.71,100,1,1,2.16,310,1,1,3.18,111,1,1,2.06,300,1,0,5.98,110,1,0,5.98
15,2,531,F,2001,N,,3,2,0,2,4,2,3,1,3,2,4,2,1,1,1,1,1,2,4,4,3,5,5,5,2,2,2,5,5,211,0,1,6.41,110,0,1,5.98,301,0,1,5.98,201,0,1,6.41,100,0,1,5.98,211,1,0,6.41,301,1,1,2.71,311,0,0,2.74,100,1,1,2.15,311,1,1,2.63,210,0,1,6.41,110,1,1,2.65,310,0,1,5.98,200,0,1,6.41,111,0,1,5.98,310,1,1,3.02,300,0,1,5.98,210,1,1,2.46,200,1,1,2.61,101,0,1,5.98,111,1,1,3.06,201,1,1,2.6,101,1,0,5.98,300,1,1,2.45
15,2,531,F,2001,N,,3,3,1,1,1,1,1,1,4,4,5,5,1,1,1,1,1,1,1,1,1,4,4,5,2,3,4,5,5,200,0,1,6.41,100,0,1,5.98,311,0,1,5.98,201,0,1,6.41,100,1,0,5.98,211,0,0,4.16,101,0,1,5.98,111,0,0,3.83,211,1,0,6.41,300,0,0,2.33,301,0,1,5.98,200,1,1,1.98,101,1,0,5.98,210,0,1,6.41,311,1,1,2.33,210,1,1,4.54,310,0,1,5.98,111,1,1,2.36,110,0,1,5.98,300,1,1,4.35,301,1,0,5.98,310,1,0,5.98,201,1,1,3.73,110,1,1,3.08
15,2,531,F,2001,N,,3,4,0,1,2,1,3,1,3,3,3,4,4,1,1,1,1,1,4,1,4,4,4,5,4,4,4,5,5,110,0,1,5.98,101,0,1,5.98,210,0,1,6.41,301,0,1,5.98,311,0,1,5.98,200,0,1,6.41,110,1,0,5.98,210,1,0,6.41,111,0,1,5.98,311,1,0,5.98,301,1,0,5.98,310,0,1,5.98,201,0,1,6.41,300,0,1,5.98,111,1,1,2.97,101,1,1,3.45,100,0,1,5.98,211,0,1,6.41,201,1,1,1.93,310,1,1,1.82,211,1,0,6.41,200,1,1,2.39,100,1,0,5.98,300,1,1,1.72
16,2,531,F,2000,N,,2,1,0,4,3,3,4,2,5,4,4,4,2,3,2,2,1,3,3,5,4,4,4,4,5,4,4,4,4,301,0,1,5.98,300,0,1,5.98,301,1,1,2.45,211,0,1,6.41,100,0,1,5.98,310,0,1,5.98,211,1,1,1.96,100,1,1,2.29,210,0,1,6.41,311,0,1,5.98,101,0,0,2.4,111,0,1,5.98,300,1,1,4.02,310,1,1,2.04,111,1,1,2.81,201,0,0,4.24,311,1,1,2.22,110,0,1,5.98,200,0,0,3.52,210,1,1,2.88,200,1,1,3.28,110,1,1,2,101,1,1,1.83,201,1,1,1.55
16,2,531,F,2000,N,,2,2,1,3,2,2,2,2,4,4,3,3,2,2,2,1,1,1,1,2,1,4,4,4,4,3,3,4,4,200,0,1,6.41,211,0,1,6.41,110,0,1,5.98,301,0,1,5.98,311,0,1,5.98,310,0,1,5.98,300,0,1,5.98,111,0,1,5.98,101,0,0,2.58,300,1,1,3.03,100,0,0,2.04,201,0,0,2.51,101,1,1,2.31,100,1,1,1.69,301,1,1,2.66,201,1,1,3.51,111,1,1,2.94,110,1,0,5.98,310,1,1,3.59,311,1,1,2.71,210,0,0,2.13,200,1,1,2.06,211,1,1,1.81,210,1,1,2.13
16,2,531,F,2000,N,,2,3,0,4,3,4,4,2,4,4,5,5,2,2,2,1,2,3,2,3,4,4,4,5,5,5,4,4,4,211,0,1,6.41,111,0,1,5.98,310,0,1,5.98,210,0,0,3.55,110,0,0,4.39,101,0,1,5.98,100,0,1,5.98,111,1,1,2.96,200,0,1,6.41,310,1,0,5.98,201,0,1,6.41,311,0,1,5.98,300,0,0,2.68,301,0,0,1.79,201,1,1,1.97,101,1,1,2.11,210,1,1,2.78,100,1,1,3.14,111,1,1,3.55,311,1,1,2.84,211,1,1,2.81,200,1,1,2.74,311,1,1,1.82,301,1,1,1.48
16,2,531,F,2000,N,,2,4,1,2,2,2,2,2,2,1,2,2,2,1,2,2,2,1,3,2,1,3,3,4,2,2,2,4,3,311,0,1,5.98,300,0,1,5.98,310,0,1,5.98,110,0,1,5.98,200,0,1,6.41,100,0,1,5.98,300,1,0,5.98,201,0,1,6.41,301,0,1,5.98,111,0,0,2.68,311,1,1,2.38,100,1,1,2.53,201,1,1,1.8,200,1,1,3.71,211,0,1,6.41,301,1,1,2.56,111,1,1,4.08,210,0,0,2.88,310,1,1,2.86,101,0,0,1.95,211,1,1,2.43,101,1,1,2.23,210,1,1,2.16,110,1,1,2.51
17,2,531,F,2001,N,,3,1,1,1,1,1,1,1,2,1,1,2,1,1,1,1,1,1,3,1,1,1,1,2,1,2,2,2,2,300,0,1,5.98,100,0,1,5.98,111,0,1,5.98,210,0,1,6.41,101,0,0,2.19,310,0,1,5.98,201,0,1,6.41,200,0,0,2.25,301,0,0,2.38,300,1,1,1.51,211,0,1,6.41,110,0,0,1.83,311,0,0,1.63,211,1,1,1.94,310,1,1,1.88,101,1,1,1.73,100,1,0,5.98,111,1,1,1.58,200,1,1,1.48,110,1,0,5.98,301,1,0,5.98,210,1,1,1.71,201,1,1,2.58,311,1,1,4.28
17,2,531,F,2001,N,,3,2,0,5,5,5,5,5,5,5,5,5,4,4,4,5,4,5,3,3,5,5,5,5,5,5,5,5,5,200,0,1,6.41,301,0,1,5.98,311,0,1,5.98,110,0,1,5.98,101,0,1,5.98,210,0,1,6.41,101,1,1,2.95,210,1,1,1.62,201,0,0,4.69,211,0,1,6.41,100,0,1,5.98,311,1,1,1.47,111,0,1,5.98,300,0,0,1.68,301,1,0,5.98,300,1,1,1.5,211,1,1,2.53,310,0,0,3.81,201,1,1,3.63,100,1,1,1.53,111,1,1,3.13,310,1,1,1.67,200,1,1,3.82,110,1,1,1.43
17,2,531,F,2001,N,,3,3,1,1,1,1,1,1,1,1,1,2,1,1,1,1,1,2,2,2,1,1,1,2,1,2,3,3,3,301,0,1,5.98,310,0,1,5.98,201,0,1,6.41,301,1,1,2.19,100,0,1,5.98,110,0,1,5.98,111,0,1,5.98,210,0,1,6.41,300,0,1,5.98,200,0,0,1.78,100,1,1,2.31,210,1,1,1.58,101,0,0,1.66,211,0,1,6.41,200,1,1,2.15,311,0,1,5.98,100,1,1,1.73,300,1,1,3.83,211,1,1,2.63,111,1,1,1.53,201,1,0,6.41,310,1,1,2.35,311,1,1,2.06,110,1,1,1.66
17,2,531,F,2001,N,,3,4,0,5,5,5,5,5,5,5,5,5,3,4,3,5,4,4,5,5,5,5,5,5,5,5,5,5,5,111,0,1,5.98,100,0,1,5.98,210,0,1,6.41,311,0,1,5.98,211,0,1,6.41,100,1,1,1.78,311,1,1,1.58,301,0,1,5.98,200,0,1,6.41,101,0,0,1.78,201,0,0,1.64,110,0,0,3.64,301,1,1,1.6,111,1,0,5.98,211,1,1,2.29,310,0,1,5.98,201,1,0,6.41,210,1,1,1.53,300,0,1,5.98,101,1,1,1.81,200,1,1,1.55,110,1,1,1.47,300,1,1,1.53,310,1,1,3.55
18,3,531,M,1996,N,,5,1,0,4,3,3,4,3,4,4,3,4,5,3,5,5,4,5,4,3,4,3,2,2,4,3,4,3,5,210,0,1,6.41,111,0,1,5.98,201,0,1,6.41,310,0,1,5.98,301,0,1,5.98,201,1,0,6.41,301,1,1,2.4,310,1,0,5.98,311,0,1,5.98,210,1,0,6.41,211,0,0,1.58,110,0,0,1.68,111,1,1,1.69,101,0,1,5.98,110,1,1,1.28,100,0,1,5.98,300,0,1,5.98,200,0,0,1.69,100,1,1,1.71,200,1,1,2.45,300,1,1,1.79,101,1,1,1.96,211,1,1,2.04,311,1,1,1.85
18,3,531,M,1996,N,,5,2,1,1,1,2,2,1,2,1,1,1,2,1,2,1,2,1,2,2,1,2,2,1,1,1,1,2,1,300,0,1,5.98,311,0,1,5.98,100,0,1,5.98,110,0,1,5.98,301,0,1,5.98,310,0,1,5.98,110,1,1,2.29,201,0,1,6.41,101,0,0,1.6,211,0,0,1.56,310,1,1,2.26,211,1,1,1.99,301,1,1,1.3,111,0,0,1.46,201,1,0,6.41,200,0,0,1.61,100,1,1,1.99,101,1,1,1.61,210,0,0,2.11,200,1,1,1.93,111,1,1,1.96,311,1,0,5.98,300,1,1,2.83,210,1,1,2.78
18,3,531,M,1996,N,,5,3,0,4,4,4,3,4,5,4,4,4,5,4,4,2,4,5,4,4,5,3,3,2,4,1,4,4,5,301,0,1,5.98,200,0,1,6.41,311,0,1,5.98,201,0,1,6.41,110,0,1,5.98,300,0,1,5.98,101,0,1,5.98,210,0,1,6.41,100,0,0,1.43,110,1,1,2.01,311,1,0,5.98,310,0,0,1.53,100,1,1,1.51,211,0,0,2.08,310,1,1,1.57,111,0,1,5.98,210,1,1,1.54,111,1,1,1.6,210,1,1,2.28,300,1,1,1.33,201,1,0,6.41,301,1,1,2.18,211,1,1,1.79,101,1,1,1.93
18,3,531,M,1996,N,,5,4,1,2,2,1,2,1,2,2,1,1,1,1,2,1,1,1,1,1,1,2,2,2,2,1,2,2,1,100,0,1,5.98,311,0,1,5.98,101,0,1,5.98,111,0,1,5.98,110,0,1,5.98,100,1,1,2.15,310,0,1,5.98,101,1,1,2.04,300,0,0,1.63,110,1,1,1.76,310,1,1,1.86,201,0,0,2.81,200,0,0,2.79,301,0,1,5.98,210,0,0,1.55,311,1,0,5.98,211,0,0,1.46,201,1,1,2.63,210,1,1,2.41,111,1,1,2,200,1,1,1.81,211,1,0,6.41,300,1,1,1.63,301,1,1,1.49
19,2,531,M,1996,N,,2,1,1,4,3,4,3,3,2,2,2,5,3,3,3,2,2,4,3,3,4,4,3,3,2,5,2,2,5,200,0,1,6.41,210,0,1,6.41,100,0,1,5.98,201,0,1,6.41,210,1,1,1.76,301,0,1,5.98,310,0,1,5.98,211,0,1,6.41,101,0,1,5.98,311,0,1,5.98,200,1,1,2.28,300,0,1,5.98,100,1,0,5.98,301,1,1,2.04,111,0,1,5.98,311,1,0,5.98,110,0,1,5.98,310,1,1,3.43,101,1,1,2.41,111,1,0,5.98,110,1,1,3.09,201,1,1,2.91,211,1,1,2.73,300,1,0,5.98
19,2,531,M,1996,N,,2,2,0,5,5,5,5,5,4,5,4,4,4,3,4,5,4,3,4,3,5,4,4,3,4,4,5,5,5,301,0,0,2.45,210,0,1,6.41,211,0,1,6.41,300,0,1,5.98,211,1,1,2.11,200,0,1,6.41,111,0,1,5.98,201,0,0,3.02,311,0,1,5.98,310,0,1,5.98,201,1,1,2.32,101,0,1,5.98,111,1,0,5.98,100,0,1,5.98,310,1,0,5.98,110,0,1,5.98,100,1,0,5.98,101,1,1,1.84,311,1,0,5.98,210,1,1,1.87,200,1,0,6.41,300,1,0,5.98,110,1,1,1.5,301,1,1,1.53
19,2,531,M,1996,N,,2,3,1,3,3,3,3,3,3,3,4,2,4,3,4,4,4,5,3,3,3,4,4,4,5,5,5,5,3,101,0,1,5.98,111,0,1,5.98,300,0,1,5.98,200,0,1,6.41,311,0,1,5.98,301,0,1,5.98,101,1,1,1.54,111,1,1,2.03,210,0,1,6.41,310,0,1,5.98,201,0,1,6.41,210,1,1,2,201,1,1,2.54,200,1,1,3.08,110,0,1,5.98,311,1,0,5.98,301,1,1,2.7,300,1,1,3.73,211,0,1,6.41,100,0,1,5.98,310,1,1,1.8,110,1,0,5.98,211,1,0,6.41,100,1,0,5.98
19,2,531,M,1996,N,,2,4,0,4,5,5,5,5,5,5,5,5,5,5,5,3,2,5,5,5,5,5,5,4,5,3,4,5,3,210,0,1,6.41,110,0,1,5.98,210,1,1,1.86,101,0,1,5.98,310,0,1,5.98,101,1,0,5.98,300,0,1,5.98,110,1,1,1.87,201,0,1,6.41,311,0,1,5.98,211,0,1,6.41,200,0,1,6.41,100,0,1,5.98,211,1,1,1.9,301,0,0,1.71,310,1,1,2.03,301,1,1,2.19,111,0,1,5.98,311,1,1,1.78,100,1,0,5.98,300,1,0,5.98,111,1,1,1.57,201,1,0,6.41,200,1,1,1.69
20,1,531,M,2002,Y,20,3,1,0,2,2,2,1,1,1,1,2,4,1,1,1,1,1,2,1,1,1,4,4,4,3,2,3,4,1,301,0,1,5.98,110,0,1,5.98,200,0,1,6.41,100,0,0,1.68,210,0,1,6.41,101,0,0,1.89,201,0,0,3.45,301,1,0,5.98,201,1,1,2.06,110,1,0,5.98,300,0,1,5.98,210,1,0,6.41,211,0,1,6.41,100,1,1,1.64,310,0,0,1.6,311,0,1,5.98,300,1,1,2.03,200,1,1,1.79,310,1,1,2.29,111,0,1,5.98,211,1,1,1.31,101,1,1,1.21,111,1,1,1.11,311,1,1,1.39
20,1,531,M,2002,Y,20,3,2,1,1,1,1,1,1,1,1,2,4,1,1,1,1,1,1,1,1,1,4,4,4,3,3,4,4,3,210,0,1,6.41,301,0,1,5.98,111,0,1,5.98,200,0,1,6.41,101,0,1,5.98,311,0,1,5.98,201,0,1,6.41,211,0,1,6.41,100,0,1,5.98,300,1,1,5.98,100,0,1,2.36,310,0,1,5.98,110,0,1,5.98,201,1,1,4.81,311,1,1,1.99,310,1,1,2.46,200,1,1,2.23,101,1,1,2.28,211,1,1,3.31,110,1,1,1.74,111,1,1,1.81,300,1,1,1.83,210,1,1,2.74,301,1,1,1.73
20,1,531,M,2002,Y,20,3,3,0,2,2,3,3,2,1,3,2,3,3,2,3,2,1,2,2,2,3,4,4,4,3,3,4,5,4,201,0,1,6.41,200,0,1,6.41,210,0,1,6.41,110,0,1,5.98,300,0,1,5.98,211,0,1,6.41,100,0,1,5.98,111,0,1,5.98,101,0,1,5.98,311,0,0,1.8,211,1,1,1.54,311,1,1,1.54,101,1,1,1.62,201,1,1,1.44,210,1,1,1.4,110,1,1,4.2,200,1,1,1.43,111,1,1,1.58,310,1,0,5.98,301,0,0,2.1,100,1,0,5.98,310,1,1,1.83,300,1,1,1.54,301,1,1,1.46
20,1,531,M,2002,Y,20,3,4,1,1,1,1,1,1,2,2,2,3,1,1,1,1,1,1,1,1,1,3,4,4,3,3,4,4,4,201,0,1,6.41,211,0,1,6.41,200,0,1,6.41,210,0,1,6.41,101,0,1,5.98,301,0,1,5.98,310,0,1,5.98,211,1,1,1.63,311,0,1,5.98,111,0,1,5.98,300,0,1,5.98,311,1,1,1.7,110,0,1,5.98,111,1,1,2.56,301,1,1,1.65,201,1,1,1.51,100,0,0,3.31,101,1,1,1.48,200,1,1,1.44,300,1,1,1.53,100,1,1,1.43,110,1,0,5.98,310,1,1,1.48,210,1,1,1.26
21,2,601,M,2001,N,,3,1,1,3,4,2,2,1,4,4,3,5,1,1,1,1,1,1,1,1,1,4,3,4,2,4,4,5,4,100,0,1,5.98,200,0,1,6.41,211,0,1,6.41,300,0,1,5.98,111,0,1,5.98,100,1,1,2.46,301,0,1,5.98,101,0,1,5.98,301,1,1,2.65,311,0,0,3.56,111,1,1,2.66,101,1,1,5.98,210,0,1,6.41,110,0,1,5.98,311,1,1,2.78,300,1,1,2.68,201,0,1,6.41,110,1,1,5.98,210,1,1,3.16,310,0,0,2.86,211,1,1,3.1,310,1,1,3.59,201,1,1,6.41,200,1,1,2.64
21,2,601,M,2001,N,,3,2,0,4,4,4,4,3,4,4,4,4,4,4,4,4,2,3,3,4,4,4,4,3,4,4,4,4,4,200,0,1,6.41,201,0,1,6.41,210,0,1,6.41,200,1,1,3.18,110,0,1,5.98,211,0,1,6.41,311,0,1,5.98,201,1,1,2.72,300,0,1,5.98,100,0,1,5.98,310,0,1,5.98,101,0,1,5.98,301,0,1,5.98,300,1,1,3.74,111,0,0,2.1,100,1,0,5.98,210,1,1,2.06,310,1,1,3.61,301,1,1,3.48,111,1,1,3.25,311,1,1,2.65,110,1,1,3.53,101,1,1,2.57,211,1,1,2.54
21,2,601,M,2001,N,,3,3,1,2,2,2,2,2,4,4,4,4,1,2,1,2,2,1,1,1,1,4,4,4,4,2,4,4,4,100,0,1,5.98,311,0,1,5.98,200,0,1,6.41,110,0,1,5.98,211,0,1,6.41,311,1,1,2.26,300,0,1,5.98,200,1,1,1.81,201,0,1,6.41,300,1,1,2.71,101,0,1,5.98,201,1,0,6.41,110,1,1,3.5,210,0,1,6.41,100,1,1,1.71,101,1,0,5.98,111,0,1,5.98,301,0,0,3.08,310,0,0,3.09,111,1,0,5.98,310,1,1,1.55,301,1,1,1.75,210,1,1,2.88,211,1,1,1.7
21,2,601,M,2001,N,,3,4,0,4,4,4,4,4,4,4,4,4,4,4,4,4,1,3,4,4,4,4,4,4,4,4,5,4,5,311,0,1,5.98,200,0,1,6.41,110,0,1,5.98,211,0,1,6.41,310,0,1,5.98,300,0,1,5.98,110,1,0,5.98,310,1,1,4.02,101,0,1,5.98,201,0,1,6.41,301,0,1,5.98,100,0,0,2.58,101,1,0,5.98,200,1,1,1.86,210,0,0,2.26,100,1,1,5.98,300,1,1,1.6,211,1,1,3.36,301,1,0,5.98,111,0,1,5.98,210,1,1,1.93,111,1,1,1.69,201,1,1,2.08,311,1,1,4.05
22,3,601,F,2001,N,,3,1,0,1,1,2,2,2,3,2,3,3,4,2,5,3,1,1,4,2,3,3,3,3,3,3,3,4,3,201,0,1,6.41,200,0,1,6.41,310,0,1,5.98,311,0,1,5.98,110,0,1,5.98,300,0,1,5.98,100,0,1,5.98,200,1,1,1.96,111,0,0,4.91,101,0,1,5.98,210,0,0,3.53,301,0,1,5.98,110,1,1,4.02,111,1,1,3.56,300,1,1,2.32,101,1,1,2.99,310,1,0,5.98,100,1,1,4,211,0,1,6.41,301,1,1,3.8,211,1,1,2.19,210,1,1,2.78,311,1,1,2.82,201,1,1,4.24
22,3,601,F,2001,N,,3,2,1,1,1,1,1,1,1,1,1,1,2,1,1,1,1,1,4,1,1,1,1,1,1,1,1,3,1,101,0,1,5.98,101,1,1,2.29,311,0,1,5.98,310,0,1,5.98,211,0,1,6.41,210,0,1,6.41,100,0,1,5.98,201,0,1,6.41,100,1,1,5.98,110,0,0,3.81,211,1,1,3.11,210,1,1,2.5,300,0,1,5.98,110,1,1,4.33,111,0,1,5.98,201,1,1,2.18,300,1,1,4.24,311,1,1,5.98,200,0,0,3.64,310,1,1,3.96,200,1,1,3.38,301,0,0,1.91,111,1,1,4.36,301,1,1,3.28
22,3,601,F,2001,N,,3,3,0,3,3,2,2,2,3,2,3,3,4,2,5,3,1,1,4,2,3,3,3,3,3,3,3,4,3,110,0,1,5.98,101,0,1,5.98,111,0,1,5.98,300,0,1,5.98,111,1,1,1.47,200,0,1,6.41,201,0,1,6.41,211,0,0,1.79,201,1,1,0.78,211,1,1,0.76,311,0,1,5.98,210,0,1,6.41,310,0,0,4.2,311,1,1,3.58,300,1,0,5.98,301,0,1,5.98,200,1,1,2.53,100,1,0,5.98,301,1,1,1.07,210,1,1,1.25,100,1,1,2.73,110,1,0,5.98,310,1,0,5.98,101,1,0,5.98
22,3,601,F,2001,N,,3,4,1,1,1,1,1,1,1,1,2,1,3,1,1,1,1,1,1,1,1,1,1,1,1,1,3,3,1,111,0,1,5.98,211,0,1,6.41,101,0,1,5.98,200,0,1,6.41,210,0,1,6.41,100,0,1,5.98,311,0,1,5.98,211,1,1,3.91,110,0,0,2.31,311,1,1,4.43,200,1,1,1.98,310,0,1,5.98,111,1,1,2.51,110,1,1,1.98,301,0,1,5.98,300,0,0,3.99,301,1,1,1.59,201,0,0,3.24,310,1,0,5.98,300,1,1,4.23,201,1,1,2.01,210,1,0,6.41,101,1,0,5.98,100,1,1,2.01
23,2,601,M,1998,N,,1,1,1,4,3,3,3,3,4,4,4,4,3,3,3,2,2,4,4,4,4,4,4,4,4,4,4,4,4,310,0,1,5.98,300,0,1,5.98,301,0,1,5.98,200,0,1,6.41,111,0,1,5.98,101,0,1,5.98,110,0,1,5.98,311,0,1,5.98,211,0,1,6.41,311,1,1,2.76,100,0,1,5.98,111,1,1,2.13,200,1,1,2.06,201,0,0,2.33,110,1,1,2.41,201,1,1,2.14,210,0,0,3.99,300,1,1,2.93,310,1,0,5.98,210,1,1,2.96,301,1,1,3.03,101,1,1,2.46,211,1,0,6.41,100,1,1,2.63
23,2,601,M,1998,N,,1,2,0,5,5,5,5,5,5,5,5,5,5,5,5,5,5,5,5,5,5,5,5,5,5,5,5,5,5,101,0,1,5.98,210,0,1,6.41,300,0,1,5.98,101,1,0,5.98,100,0,1,0.598,111,0,1,5.98,301,0,0,2.92,200,0,1,5.98,110,0,1,5.98,310,0,1,5.98,201,0,0,2.18,110,1,1,1.58,300,1,1,2.84,201,1,1,1.89,100,1,1,2.33,311,0,1,5.98,301,1,1,2.17,310,1,1,2.54,200,1,1,1.75,311,1,1,1.76,211,0,0,3.06,111,1,1,2.11,210,1,1,2.24,211,1,1,2.57
23,2,601,M,1998,N,,1,3,1,4,4,4,4,4,4,4,4,4,4,4,4,4,4,4,4,4,4,4,4,4,4,4,4,4,4,211,0,1,6.41,201,0,1,6.41,111,0,1,5.98,210,0,1,6.41,211,1,0,6.41,301,0,1,5.98,310,0,1,5.98,311,0,0,2.35,200,0,1,6.41,101,0,1,5.98,311,1,1,1.91,301,1,1,2.46,100,0,1,5.98,201,1,1,2.73,110,0,1,5.98,111,1,1,2.24,310,1,1,3.18,300,0,0,3.08,210,1,1,2.06,300,1,1,3.03,110,1,1,2.04,200,1,1,3.51,100,1,0,5.98,101,1,1,3.64
23,2,601,M,1998,N,,1,4,0,5,5,5,5,5,5,5,5,5,5,5,5,5,5,5,5,5,5,5,5,5,5,5,5,5,5,301,0,1,5.98,111,0,1,5.98,101,0,0,2.17,311,0,1,5.98,300,0,1,5.98,201,0,1,5.98,111,1,1,1.55,310,0,1,5.98,100,0,1,5.98,300,1,1,2.85,201,1,1,2.01,311,1,0,5.98,211,0,0,2.1,100,1,0,5.98,210,0,0,2.06,310,1,1,2.53,301,1,0,5.98,110,0,1,5.98,210,1,1,2,200,1,0,6.41,110,1,1,2.15,200,1,1,1.9,101,1,1,3.38,211,1,0,6.41
24,2,601,M,2002,N,,3,1,0,4,4,3,4,3,4,4,4,4,2,3,2,2,2,4,3,4,4,4,4,4,4,4,4,4,4,110,0,1,5.98,210,0,1,6.41,300,0,1,5.98,100,0,1,5.98,310,0,1,5.98,110,1,1,1.42,201,0,1,6.41,100,1,1,2.31,200,0,1,6.41,111,0,1,5.98,311,0,1,5.98,301,0,1,5.98,211,0,1,1.76,300,1,1,1.99,111,1,1,2.33,101,0,0,2.54,310,1,1,2.61,301,1,1,2.24,211,1,0,6.41,210,1,1,1.62,101,1,1,2.11,201,1,1,1.68,311,1,1,1.97,200,1,0,6.41
24,2,601,M,2002,N,,3,2,1,3,4,3,3,2,4,4,4,4,2,2,2,2,2,3,4,3,2,4,4,4,2,4,4,4,3,211,0,1,6.41,100,0,1,5.98,301,0,1,5.98,111,0,1,5.98,211,1,1,2.08,101,0,0,3.28,300,0,1,5.98,200,0,1,6.41,311,0,0,2.23,310,0,1,5.98,111,1,1,2.88,201,0,1,6.41,311,1,1,3.14,300,1,1,4.55,101,1,0,5.98,310,1,1,2.74,210,0,1,6.41,301,1,0,5.98,110,0,1,5.98,100,1,0,5.98,201,1,1,1.96,110,1,1,1.91,200,1,1,2.49,210,1,1,1.73
24,2,601,M,2002,N,,3,3,0,4,4,4,4,4,4,4,4,4,3,3,3,2,3,4,4,4,4,4,4,4,3,4,4,4,4,210,0,1,6.41,110,0,1,5.98,100,0,1,5.98,201,0,1,6.41,101,0,1,5.98,200,0,1,6.41,301,0,1,5.98,100,1,1,4.7,311,0,1,5.98,210,1,1,1.74,310,0,0,3.92,111,0,1,5.98,301,1,1,1.65,310,1,1,2.08,211,0,1,6.41,311,1,1,1.75,211,1,0,6.41,300,0,1,5.98,201,1,1,2.38,110,1,1,1.92,101,1,1,2.31,300,1,1,3.7,200,1,1,3.09,111,1,1,2.79
24,2,601,M,2002,N,,3,4,1,3,4,3,4,3,4,5,5,5,3,3,3,3,3,4,4,4,3,5,5,5,2,5,5,5,5,300,0,1,5.98,200,0,1,6.41,301,0,1,5.98,101,0,1,5.98,110,0,1,5.98,100,0,1,5.98,211,0,1,6.41,111,0,1,5.98,210,0,1,6.41,311,0,1,5.98,111,1,1,1.79,311,1,1,2.76,300,1,1,3.56,301,1,0,5.98,310,0,1,5.98,210,1,1,2.43,201,0,1,6.41,211,1,1,3.91,310,1,1,3.94,110,1,0,5.98,100,1,1,1.56,200,1,1,1.7,201,1,1,4.44,101,1,1,4.61
25,3,601,F,2001,N,,3,1,1,1,2,2,1,1,2,3,2,3,1,1,1,1,1,1,1,1,1,3,2,2,1,3,3,3,3,110,0,1,5.98,100,0,1,5.98,210,0,1,6.41,211,0,1,6.41,101,0,1,5.98,211,1,1,2.11,210,1,0,6.41,201,0,1,6.41,301,0,1,5.98,111,0,0,3.06,101,1,1,1.89,310,0,1,5.98,200,0,1,6.41,201,1,1,2.63,200,1,1,2.21,311,0,1,5.98,111,1,1,2.14,310,1,1,2.05,300,0,1,5.98,110,1,1,3.93,301,1,1,1.74,300,1,1,2.21,311,1,1,1.73,100,1,1,2.28
25,3,601,F,2001,N,,3,2,0,3,3,3,1,1,1,2,2,3,2,3,2,3,2,3,3,3,1,3,3,3,3,3,3,4,3,101,0,1,5.98,110,0,1,5.98,100,0,1,5.98,300,0,1,5.98,301,0,1,5.98,111,0,1,5.98,201,0,1,6.41,111,1,1,3.23,311,0,1,5.98,100,1,1,1.74,210,0,1,6.41,200,0,1,6.41,110,1,1,1.58,310,0,0,3.1,101,1,1,1.5,311,1,1,1.44,310,1,1,1.35,201,1,1,3.16,211,0,1,6.41,300,1,0,5.98,211,1,1,3.22,200,1,1,2.32,301,1,1,3.02,210,1,0,6.41
25,3,601,F,2001,N,,3,3,1,2,2,2,2,2,2,2,3,3,1,1,1,1,1,1,1,1,1,3,3,3,1,3,3,3,3,310,0,1,5.98,110,0,1,5.98,211,0,1,6.41,201,0,1,6.41,101,0,1,5.98,100,0,1,5.98,201,1,1,4.26,111,0,1,5.98,200,0,1,6.41,311,0,0,4.43,210,0,1,6.41,111,1,0,5.98,110,1,1,1.73,300,0,0,3.64,211,1,0,6.41,301,0,1,5.98,100,1,1,3.51,300,1,1,3.29,210,1,0,6.41,311,1,1,3.31,310,1,1,2.21,101,1,1,2.38,200,1,1,2.36,301,1,1,1.8
25,3,601,F,2001,N,,3,4,0,3,3,4,3,3,3,4,4,4,2,2,2,2,1,2,1,3,1,3,3,3,3,4,3,3,3,300,0,1,5.98,200,0,1,6.41,101,0,1,5.98,301,0,1,5.98,211,0,1,6.41,210,0,1,6.41,310,0,1,5.98,300,1,1,3.46,100,0,1,5.98,110,0,1,5.98,101,1,1,1.53,211,1,0,6.41,200,1,1,1.55,111,0,1,5.98,210,1,1,1.72,110,1,1,2.54,301,1,1,3.22,201,0,1,6.41,100,1,1,1.4,111,1,1,1.9,310,1,1,3.13,201,1,1,1.87,311,0,0,3.78,311,1,1,1.9
26,3,601,M,1995,N,,1,1,,4,4,4,4,4,4,4,2,3,2,3,2,2,2,4,4,4,4,4,4,4,4,3,3,3,3,310,0,1,5.98,101,0,1,5.98,200,0,1,6.41,210,0,1,6.41,301,0,1,5.98,100,0,1,5.98,301,1,1,3.22,300,0,1,5.98,200,1,1,3.07,300,1,1,3.28,210,1,1,1.87,310,1,1,3.21,111,0,1,5.98,311,0,1,5.98,110,0,1,5.98,101,1,0,5.98,201,0,1,6.41,100,1,0,5.98,201,1,1,1.79,110,1,1,2,111,1,1,1.35,211,0,1,6.41,311,1,1,1.76,211,1,1,1.51
26,3,601,M,1995,N,,1,2,,1,1,1,1,1,3,3,3,3,1,1,1,1,1,1,1,1,1,4,3,4,3,3,3,3,3,311,0,1,5.98,100,0,1,5.98,200,0,1,6.41,311,1,1,2.44,211,0,1,6.41,210,0,1,6.41,200,1,1,2.78,211,1,1,2.01,310,0,1,5.98,210,1,0,6.41,111,0,1,5.98,110,0,1,5.98,300,0,0,3.15,310,1,0,5.98,300,1,0,5.98,201,0,1,6.41,111,1,1,2.03,110,1,1,3.68,301,0,1,5.98,101,0,1,5.98,100,1,0,5.98,101,1,1,2.51,201,1,1,2.31,301,1,1,1.84
26,3,601,M,1995,N,,1,3,,4,4,4,4,4,4,3,4,4,2,2,2,2,2,4,4,4,4,4,4,4,3,4,4,4,4,100,0,1,5.98,200,0,1,6.41,201,0,1,6.41,211,0,1,6.41,311,0,1,5.98,111,0,1,5.98,100,1,1,3.02,301,0,1,5.98,101,0,1,5.98,201,1,1,2.03,200,1,1,2.65,311,1,1,3.42,211,1,1,1.51,300,0,1,5.98,101,1,1,2.88,110,0,1,5.98,300,1,1,2.71,310,0,1,5.98,111,1,1,3.28,110,1,1,1.9,301,1,1,3.06,210,0,1,6.41,310,1,1,2.15,210,1,1,1.5
26,3,601,M,1995,N,,1,4,,1,1,1,1,1,3,2,2,3,2,1,1,1,1,1,1,1,1,4,3,4,3,3,3,3,3,210,0,1,6.41,301,0,1,5.98,311,0,1,5.98,300,0,1,5.98,201,0,1,6.41,111,0,1,5.98,100,0,1,5.98,110,0,1,5.98,101,0,0,3.63,301,1,1,3.23,200,0,1,6.41,210,1,1,1.93,300,1,0,5.98,111,1,1,1.91,200,1,1,2.39,211,0,1,6.41,110,1,1,2.26,100,1,1,2.05,310,0,1,5.98,211,1,1,2.38,311,1,0,5.98,310,1,1,1.71,201,1,0,6.41,101,1,1,2.34